Pair,Meme Name,Ticker,X.com,WWW,Telegram,CA,TotalSupply,CommonPoolCA,Latest Price,Market Cap,Common,datetime
BALD,Bald Guy Coin,$BALD,https://x.com/baldguycoin,https://baldguy.meme/,https://t.me/baldguycoin,5GcAeGeAep1PeQA176XYcFMQn8Cc2waVLrsmGX3ruCbKNbR8,10000000000.0,5FyLwdHg3EVFPgVJk1N8m2o4B4KBd4CgMbsvmfFXWATYzZD4,8.866e-06,88660.0,https://app.common.fi/pools/5FyLwdHg3EVFPgVJk1N8m2o4B4KBd4CgMbsvmfFXWATYzZD4,2024-06-05 18:55:00
IOU,Office Party,$IOU,https://x.com/IOUmeme,https://www.iou.wtf/,https://t.me/ioumeme,5GCubYQbm9x6TQbthbWpUVrgEibXMDXhgisw8DFYCpPJQ5f7,795268836.208,5CcUwJACT8vcSXG9U4nNLiA6U2yohP8smgBUSMgymKUbe1Bg,0.0004022,319857.1259228576,https://app.common.fi/pools/5CcUwJACT8vcSXG9U4nNLiA6U2yohP8smgBUSMgymKUbe1Bg,2024-06-05 18:55:00
ImUn,Imagination Unleashed,$ImUn, https://x.com/ImgnUnleashed,,,5HF21YapMFdWueDvfEEy2sAvVAvy12Qok2tiKjt6crae8Dod,1000000000.0,5Fyqc7v79MUiMPRqQswdrTU69W6jcEwTN3yxWh7EF9ZwP1tt,6.454e-05,64540.0,https://app.common.fi/pools/5Fyqc7v79MUiMPRqQswdrTU69W6jcEwTN3yxWh7EF9ZwP1tt,2024-06-05 18:55:00
NUKO,Cats are Liquid,$NUKO,https://x.com/nukotoken,https://www.nukotoken.org/,https://t.me/nukotoken,5HZxA385SYeydqZUpTeKj7D37T1bL9N6JA7Xde5QMP8qiSym,1000000000000000.0,5EtodHBxsuJPFZTnksBhfRQxbWtWk3WxLGvjsSyG6AyBaYr1,2.3e-11,23000.0,https://app.common.fi/pools/5EtodHBxsuJPFZTnksBhfRQxbWtWk3WxLGvjsSyG6AyBaYr1,2024-06-05 18:55:00
KEBAB,Azero KEBAB,$KEBAB,https://x.com/AzeroKebab,https://www.azerokebab.info,https://t.me/kebabazero,5GVjxVdUMr5dQX9TSvvwWq42jyRaXLN65MDh4A8jhdG4Rz1A,1000000000.0,5DtsqFdRgxkQDceKtmMPB6MeCfjJRpir9R2uPVKoojayj26h,1.381e-05,13810.0,https://app.common.fi/pools/5DtsqFdRgxkQDceKtmMPB6MeCfjJRpir9R2uPVKoojayj26h,2024-06-05 18:55:00
BALDA,baldawifhat,$BALDA,https://x.com/baldawifhat,None,https://t.me/baldawifhat,5DCPp7odM3MTkQEH4X1gFwvA64nfEpxfmxZtSPjaSW1rPJjM,6969696969.0,5EcFNb89oVXoz3Ria2bJus9TaKqsSxnXcqfUh5KCNpJxR526,6.024e-06,41985.454541256004,https://app.common.fi/pools/5EcFNb89oVXoz3Ria2bJus9TaKqsSxnXcqfUh5KCNpJxR526,2024-06-05 18:55:00
SC,Staking Capital,$SC,https://x.com/staking_capital,https://www.stakingcapital.org/,https://t.me/+Cu99Z14jDRk2ODUy,5G1LVy9K5uapJE9uzG1NbMN4bTKJEyKLMtKGAtqdgbLDegNF,10000000000.0,5Ef2cGhQJPjQuZxodyGM7QCheUSivdya2wLynG4pSHrjMfx6,2.236e-06,22360.0,https://app.common.fi/pools/5Ef2cGhQJPjQuZxodyGM7QCheUSivdya2wLynG4pSHrjMfx6,2024-06-05 18:55:00
SHIT,Mr Hankey (Azero SHITcoin),$SHIT,https://x.com/mr_hankey_shit,https://the-shit.xyz/,https://t.me/mr_hankey_shit,5F9aiiwLMPC6fFxxwqHvJpm7h5T4Xm93mJT6cpDrQnKkLFoK,21000000.0,5FWudkfHHNAnyQQ5Az8TudWrewEeUvHFFC5yeet21Tp2qg7s,0.0005167,10850.7,https://app.common.fi/pools/5FWudkfHHNAnyQQ5Az8TudWrewEeUvHFFC5yeet21Tp2qg7s,2024-06-05 18:55:00
HAIR,HAIR Coin,$HAIR,https://x.com/HAIR_Coin,https://hairdrop.godaddysites.com/,https://t.me/HAIR_Coin,5FnRfc5dKP5Wsg5uu7cbmdKY8UPt3yhqteTDAswLRDud8vJH,1000000000.0,5C9iSGAMn8fsPoHtpnn5NcQJZPapZwdg2mA3XjK1tv48WNXD,1.704e-05,17040.0,https://app.common.fi/pools/5C9iSGAMn8fsPoHtpnn5NcQJZPapZwdg2mA3XjK1tv48WNXD,2024-06-05 18:55:00
